latitude,longitude,brightness,scan,track,acq_date,acq_time,satellite,confidence,version,bright_t31,frp,daynight
42.369,-85.735,300.3,1.2,1.1,2020-10-02,0355,T,25,6.0NRT,276.7,11,N
40.653,-106.792,301.8,1.8,1.3,2020-10-02,0535,T,44,6.0NRT,272.9,22.3,N
40.652,-106.812,301.6,1.8,1.3,2020-10-02,0535,T,43,6.0NRT,271,21.6,N
40.932,-106.239,398.8,2,1.4,2020-10-02,0535,T,100,6.0NRT,266.9,0,N
40.568,-110.688,301.7,1.1,1.1,2020-10-02,0535,T,42,6.0NRT,276.7,9.8,N
40.614,-110.744,318.9,1.1,1.1,2020-10-02,0535,T,98,6.0NRT,277.9,25.2,N
40.612,-110.758,315.3,1.1,1.1,2020-10-02,0535,T,91,6.0NRT,273.7,21.2,N
40.623,-110.747,305.8,1.1,1.1,2020-10-02,0535,T,66,6.0NRT,273.4,14,N
40.053,-122.897,301.7,2.5,1.5,2020-10-02,0535,T,31,6.0NRT,289.7,18.3,N
40.066,-122.904,302.2,2.5,1.5,2020-10-02,0535,T,34,6.0NRT,291.1,18.2,N
40.06,-122.909,304.7,2.5,1.5,2020-10-02,0535,T,34,6.0NRT,290.6,22,N
40.254,-123.132,305.2,2.5,1.5,2020-10-02,0535,T,63,6.0NRT,290.4,25.7,N
40.207,-123.335,311.4,2.6,1.6,2020-10-02,0535,T,82,6.0NRT,293.6,41,N
40.227,-123.312,317.8,2.6,1.6,2020-10-02,0535,T,96,6.0NRT,292,62.1,N
40.22,-123.34,334.2,2.6,1.6,2020-10-02,0535,T,100,6.0NRT,295.8,138.9,N
40.213,-123.373,306.2,2.6,1.6,2020-10-02,0535,T,50,6.0NRT,293.1,24.9,N
40.288,-123.111,305.8,2.5,1.5,2020-10-02,0535,T,17,6.0NRT,291.7,24.3,N
40.282,-123.138,324.3,2.5,1.5,2020-10-02,0535,T,100,6.0NRT,292.8,85.1,N
40.301,-123.115,313.7,2.5,1.5,2020-10-02,0535,T,88,6.0NRT,292.4,48.1,N
40.22,-123.465,305.8,2.7,1.6,2020-10-02,0535,T,34,6.0NRT,293.9,22.4,N
40.234,-123.47,312.8,2.7,1.6,2020-10-02,0535,T,29,6.0NRT,295,39,N
40.248,-123.474,327.5,2.7,1.6,2020-10-02,0535,T,100,6.0NRT,294.9,97.7,N
40.294,-123.118,309.3,2.5,1.5,2020-10-02,0535,T,25,6.0NRT,292.2,32.8,N
40.225,-123.473,307.8,2.7,1.6,2020-10-02,0535,T,16,6.0NRT,293.9,26.2,N
40.245,-123.45,313.8,2.7,1.6,2020-10-02,0535,T,28,6.0NRT,295.9,42.7,N
40.238,-123.477,323.9,2.7,1.6,2020-10-02,0535,T,100,6.0NRT,295.5,82,N
40.259,-123.454,307.4,2.7,1.6,2020-10-02,0535,T,38,6.0NRT,293.8,26.6,N
40.252,-123.48,309.6,2.7,1.6,2020-10-02,0535,T,66,6.0NRT,292.7,32.3,N
40.359,-123.37,302.7,2.6,1.6,2020-10-02,0535,T,42,6.0NRT,291.1,20.3,N
40.35,-123.405,328.9,2.6,1.6,2020-10-02,0535,T,100,6.0NRT,291.9,113.1,N
40.418,-123.365,306.1,2.6,1.5,2020-10-02,0535,T,10,6.0NRT,291.6,25.2,N
42.679,-111.595,313.2,1.1,1.1,2020-10-02,0535,T,87,6.0NRT,271.2,19.3,N
42.688,-111.597,326.8,1.1,1.1,2020-10-02,0535,T,100,6.0NRT,270.6,35.3,N
40.995,-123.328,304.3,2.5,1.5,2020-10-02,0535,T,59,6.0NRT,291.8,23.1,N
41.015,-123.301,325.6,2.5,1.5,2020-10-02,0535,T,100,6.0NRT,293.3,87.8,N
41.008,-123.333,312.6,2.5,1.5,2020-10-02,0535,T,85,6.0NRT,291.7,42,N
41.029,-123.305,314.8,2.5,1.5,2020-10-02,0535,T,90,6.0NRT,293,47.8,N
41.009,-123.304,309.4,2.5,1.5,2020-10-02,0535,T,75,6.0NRT,292.6,32.4,N
41.002,-123.337,303.3,2.5,1.5,2020-10-02,0535,T,18,6.0NRT,291.5,17.9,N
41.022,-123.309,328.8,2.5,1.5,2020-10-02,0535,T,100,6.0NRT,293.4,100.7,N
41.036,-123.314,310.5,2.5,1.5,2020-10-02,0535,T,30,6.0NRT,292.5,33.5,N
41.076,-123.264,302,2.5,1.5,2020-10-02,0535,T,19,6.0NRT,290.5,16.6,N
41.16,-123.249,332.9,2.4,1.5,2020-10-02,0535,T,100,6.0NRT,293.6,117.9,N
41.153,-123.278,317.3,2.4,1.5,2020-10-02,0535,T,95,6.0NRT,291.8,54.1,N
41.178,-123.232,304.1,2.4,1.5,2020-10-02,0535,T,58,6.0NRT,291.8,20.2,N
41.172,-123.256,306.9,2.4,1.5,2020-10-02,0535,T,70,6.0NRT,292.2,26.9,N
41.216,-123.252,306.2,2.4,1.5,2020-10-02,0535,T,20,6.0NRT,291.5,22.5,N
41.21,-123.277,307.6,2.4,1.5,2020-10-02,0535,T,31,6.0NRT,292.4,26,N
41.223,-123.283,313.3,2.4,1.5,2020-10-02,0535,T,50,6.0NRT,292.9,39.6,N
41.224,-123.26,311.1,2.4,1.5,2020-10-02,0535,T,41,6.0NRT,292,34.1,N
41.23,-123.293,314.6,2.4,1.5,2020-10-02,0535,T,89,6.0NRT,292.2,46.4,N
51.319,-115.255,324.7,1.1,1,2020-10-02,0535,T,100,6.0NRT,281.2,28.5,N
51.317,-115.27,334.7,1.1,1,2020-10-02,0535,T,100,6.0NRT,280.8,42.6,N
52.294,-119.19,345.9,1,1,2020-10-02,0540,T,100,6.0NRT,285,58.3,N
41.025,-106.275,320.2,2.7,1.6,2020-10-02,0945,A,90,6.0NRT,268.8,0,N
41.022,-106.284,323.3,2.7,1.6,2020-10-02,0945,A,93,6.0NRT,269.6,0,N
41.015,-106.254,335.7,2.7,1.6,2020-10-02,0945,A,100,6.0NRT,273.1,0,N
41.002,-106.26,327,2.7,1.6,2020-10-02,0945,A,96,6.0NRT,271.6,0,N
40.94,-106.253,335,2.7,1.6,2020-10-02,0945,A,100,6.0NRT,271.6,159.2,N
40.933,-106.222,321.1,2.7,1.6,2020-10-02,0945,A,91,6.0NRT,267.6,0,N
40.936,-106.26,332.4,2.7,1.6,2020-10-02,0945,A,100,6.0NRT,271.2,142.5,N
40.928,-106.228,326.1,2.7,1.6,2020-10-02,0945,A,99,6.0NRT,269.2,108.7,N
40.574,-110.681,305.2,1.6,1.2,2020-10-02,0945,A,63,6.0NRT,269,22.1,N
41.227,-123.275,312.1,1.8,1.3,2020-10-02,0945,A,84,6.0NRT,291,27.2,N
41.225,-123.254,309,1.8,1.3,2020-10-02,0945,A,61,6.0NRT,289.9,21.6,N
41.214,-123.255,308.7,1.8,1.3,2020-10-02,0945,A,40,6.0NRT,290.1,20.3,N
41.188,-123.234,312.5,1.8,1.3,2020-10-02,0945,A,69,6.0NRT,291,26.7,N
41.176,-123.236,309,1.8,1.3,2020-10-02,0945,A,75,6.0NRT,290.9,21.6,N
41.166,-123.255,324.2,1.8,1.3,2020-10-02,0945,A,100,6.0NRT,292.1,51,N
41.164,-123.236,313.6,1.8,1.3,2020-10-02,0945,A,46,6.0NRT,291.2,27.8,N
41.182,-123.24,313.7,1.8,1.3,2020-10-02,0945,A,39,6.0NRT,291.3,27.8,N
41.16,-123.263,309.7,1.8,1.3,2020-10-02,0945,A,70,6.0NRT,290.6,22,N
41.159,-123.242,324.8,1.8,1.3,2020-10-02,0945,A,100,6.0NRT,292.3,53.8,N
41.078,-123.273,308,1.8,1.3,2020-10-02,0945,A,34,6.0NRT,291.6,18.9,N
41.082,-123.278,305.8,1.8,1.3,2020-10-02,0945,A,54,6.0NRT,291.5,16.7,N
41.08,-123.253,302.4,1.8,1.3,2020-10-02,0945,A,24,6.0NRT,290.2,11.8,N
41.025,-123.309,325.9,1.8,1.3,2020-10-02,0945,A,94,6.0NRT,292.6,54.6,N
41.024,-123.291,328.8,1.8,1.3,2020-10-02,0945,A,100,6.0NRT,292.8,62.3,N
41.013,-123.311,305.5,1.8,1.3,2020-10-02,0945,A,15,6.0NRT,291.6,15.6,N
41.002,-123.314,316.5,1.8,1.3,2020-10-02,0945,A,93,6.0NRT,291.7,35.2,N
41.008,-123.321,308.4,1.8,1.3,2020-10-02,0945,A,37,6.0NRT,290.7,20.2,N
41.006,-123.299,310.4,1.8,1.3,2020-10-02,0945,A,49,6.0NRT,291.8,23.2,N
40.997,-123.324,300,1.8,1.3,2020-10-02,0945,A,4,6.0NRT,289.5,9.5,N
40.422,-123.38,304.4,1.8,1.3,2020-10-02,0950,A,36,6.0NRT,290.5,13.9,N
40.42,-123.356,310.1,1.8,1.3,2020-10-02,0950,A,77,6.0NRT,291.5,22.2,N
40.418,-123.334,305.5,1.8,1.3,2020-10-02,0950,A,36,6.0NRT,290.6,15.5,N
40.404,-123.317,305.5,1.8,1.3,2020-10-02,0950,A,59,6.0NRT,290.2,17.6,N
40.386,-123.238,304.9,1.8,1.3,2020-10-02,0950,A,62,6.0NRT,288.8,17.7,N
40.388,-123.405,305,1.8,1.3,2020-10-02,0950,A,63,6.0NRT,291.2,15.8,N
40.363,-123.384,312.5,1.8,1.3,2020-10-02,0950,A,61,6.0NRT,290.9,26.2,N
40.355,-123.392,333.4,1.8,1.3,2020-10-02,0950,A,100,6.0NRT,291.5,80.5,N
40.353,-123.368,309,1.8,1.3,2020-10-02,0950,A,76,6.0NRT,290.4,22.3,N
40.306,-123.107,314.4,1.7,1.3,2020-10-02,0950,A,64,6.0NRT,291.8,27.9,N
40.304,-123.086,308.9,1.7,1.3,2020-10-02,0950,A,20,6.0NRT,291.4,18.4,N
40.285,-123.131,312.6,1.7,1.3,2020-10-02,0950,A,37,6.0NRT,291.7,24.7,N
40.283,-123.112,309.7,1.7,1.3,2020-10-02,0950,A,14,6.0NRT,291.1,19.5,N
40.26,-123.116,314,1.7,1.3,2020-10-02,0950,A,35,6.0NRT,290.1,26.6,N
40.253,-123.125,307.3,1.7,1.3,2020-10-02,0950,A,61,6.0NRT,287.9,18.5,N
40.251,-123.105,303.5,1.7,1.3,2020-10-02,0950,A,29,6.0NRT,287.9,12.9,N
40.236,-123.458,324.4,1.8,1.3,2020-10-02,0950,A,86,6.0NRT,295.8,47.4,N
40.234,-123.44,320.6,1.8,1.3,2020-10-02,0950,A,43,6.0NRT,294.8,36.9,N
40.223,-123.317,313.5,1.8,1.3,2020-10-02,0950,A,68,6.0NRT,292.5,27.1,N
40.224,-123.459,328.4,1.8,1.3,2020-10-02,0950,A,100,6.0NRT,293.9,59.5,N
40.222,-123.441,328.2,1.8,1.3,2020-10-02,0950,A,100,6.0NRT,294.5,58.5,N
40.215,-123.361,305.2,1.8,1.3,2020-10-02,0950,A,36,6.0NRT,292.2,13.7,N
40.213,-123.338,309,1.8,1.3,2020-10-02,0950,A,54,6.0NRT,293.4,19.9,N
40.211,-123.318,311.3,1.8,1.3,2020-10-02,0950,A,63,6.0NRT,290.5,23.7,N
40.072,-122.913,301.1,1.7,1.3,2020-10-02,0950,A,21,6.0NRT,290.8,9.5,N
40.07,-122.892,300,1.7,1.3,2020-10-02,0950,A,5,6.0NRT,290,8.3,N
51.207,-104.735,316.1,2,1.4,2020-10-02,1730,T,76,6.0NRT,288.8,36.8,D
50.001,-97.629,305,1,1,2020-10-02,1730,T,60,6.0NRT,288.4,7,D
48.288,-102.498,303.3,1.4,1.2,2020-10-02,1730,T,44,6.0NRT,283.7,11.1,D
41.947,-92.585,305.3,1.6,1.3,2020-10-02,1735,T,61,6.0NRT,284.3,15.4,D
41.03,-98.857,307.9,1,1,2020-10-02,1735,T,66,6.0NRT,271.1,9.8,D
41.207,-106.448,319.9,1.9,1.3,2020-10-02,1735,T,66,6.0NRT,293,32.4,D
41.205,-106.426,316.6,1.9,1.3,2020-10-02,1735,T,41,6.0NRT,294.1,24.5,D
41.036,-106.285,344.5,1.8,1.3,2020-10-02,1735,T,93,6.0NRT,289.4,100.6,D
41.025,-106.286,327.2,1.8,1.3,2020-10-02,1735,T,48,6.0NRT,288.3,35.3,D
41.013,-106.288,341.4,1.8,1.3,2020-10-02,1735,T,72,6.0NRT,293.9,84.8,D
41.011,-106.266,386.8,1.8,1.3,2020-10-02,1735,T,100,6.0NRT,297.5,417,D
41.009,-106.244,395.3,1.8,1.3,2020-10-02,1735,T,100,6.0NRT,291.8,526.3,D
40.999,-106.267,399.5,1.8,1.3,2020-10-02,1735,T,100,6.0NRT,296.4,581.4,D
40.997,-106.245,383.6,1.8,1.3,2020-10-02,1735,T,100,6.0NRT,285.4,391.3,D
40.977,-106.293,330.3,1.8,1.3,2020-10-02,1735,T,56,6.0NRT,290.9,51.9,D
40.942,-106.239,351.4,1.8,1.3,2020-10-02,1735,T,92,6.0NRT,284.9,146,D
40.934,-106.284,335.2,1.8,1.3,2020-10-02,1735,T,38,6.0NRT,287.7,68.4,D
40.932,-106.261,351.7,1.8,1.3,2020-10-02,1735,T,77,6.0NRT,293.3,140.7,D
40.93,-106.241,360.3,1.8,1.3,2020-10-02,1735,T,95,6.0NRT,295.2,195.5,D
40.928,-106.219,327.6,1.8,1.3,2020-10-02,1735,T,35,6.0NRT,286.3,54.6,D
40.924,-106.309,336.9,1.8,1.3,2020-10-02,1735,T,79,6.0NRT,290.7,81.9,D
40.922,-106.287,329.5,1.8,1.3,2020-10-02,1735,T,41,6.0NRT,291.6,56.3,D
40.746,-105.574,320,1.6,1.3,2020-10-02,1735,T,53,6.0NRT,297.3,24.8,D
40.738,-105.612,321.7,1.7,1.3,2020-10-02,1735,T,31,6.0NRT,295,22.5,D
40.747,-105.58,324.3,1.6,1.3,2020-10-02,1735,T,77,6.0NRT,298.3,31.7,D
55.39,-116.057,305.9,1,1,2020-10-02,1910,T,62,6.0NRT,289.3,8.2,D
52.65,-107.056,304.5,2.6,1.5,2020-10-02,1910,T,36,6.0NRT,290.5,17.3,D
52.641,-107.021,303.1,2.6,1.5,2020-10-02,1910,T,44,6.0NRT,290,15.7,D
54.621,-118.379,306.4,1,1,2020-10-02,1910,T,63,6.0NRT,288.8,8.1,D
51.229,-105.748,302.8,3.3,1.7,2020-10-02,1910,T,46,6.0NRT,287.3,26.1,D
51.233,-105.75,302.2,3.3,1.7,2020-10-02,1910,T,43,6.0NRT,287.6,24.3,D
54.151,-121.368,301.6,1.1,1,2020-10-02,1910,T,48,6.0NRT,285.8,6.4,D
52.056,-124.322,339.7,1.2,1.1,2020-10-02,1910,T,80,6.0NRT,293,56.5,D
51.975,-125.008,303.6,1.3,1.1,2020-10-02,1910,T,56,6.0NRT,290.7,6.5,D
51.973,-124.989,303.6,1.3,1.1,2020-10-02,1910,T,57,6.0NRT,289.9,6.5,D
51.459,-124.929,302,1.3,1.1,2020-10-02,1910,T,32,6.0NRT,291.6,8.7,D
47.57,-122.363,305.7,1,1,2020-10-02,1910,T,54,6.0NRT,294.1,3.9,D
44.862,-122.092,323.1,1,1,2020-10-02,1910,T,78,6.0NRT,297.1,17.9,D
44.658,-121.67,323.7,1,1,2020-10-02,1910,T,78,6.0NRT,307.8,14.3,D
41.918,-123.272,316,1,1,2020-10-02,1910,T,57,6.0NRT,299.4,8.8,D
41.235,-123.287,319.5,1,1,2020-10-02,1910,T,52,6.0NRT,292.9,14.3,D
41.228,-123.302,314.4,1,1,2020-10-02,1910,T,27,6.0NRT,292.5,9.7,D
41.226,-123.29,319.6,1,1,2020-10-02,1910,T,45,6.0NRT,294.9,13.9,D
41.225,-123.278,342.2,1,1,2020-10-02,1910,T,92,6.0NRT,296.2,43.2,D
41.223,-123.266,329,1,1,2020-10-02,1910,T,60,6.0NRT,295.1,23.4,D
41.192,-123.245,321.9,1,1,2020-10-02,1910,T,72,6.0NRT,296.3,16.6,D
41.181,-123.235,328.4,1,1,2020-10-02,1910,T,66,6.0NRT,297.1,22.9,D
41.172,-123.238,330.7,1,1,2020-10-02,1910,T,47,6.0NRT,296.8,24.5,D
41.156,-123.255,326.6,1,1,2020-10-02,1910,T,75,6.0NRT,296.6,20.4,D
41.154,-123.243,317.7,1,1,2020-10-02,1910,T,18,6.0NRT,296.5,11.4,D
41.143,-123.533,311.1,1,1,2020-10-02,1910,T,52,6.0NRT,298.1,7.6,D
41.1,-123.251,321.9,1,1,2020-10-02,1910,T,69,6.0NRT,297.2,15,D
41.095,-123.277,327.1,1,1,2020-10-02,1910,T,56,6.0NRT,297.2,18.2,D
41.093,-123.265,336.4,1,1,2020-10-02,1910,T,86,6.0NRT,298.7,31,D
41.077,-123.281,323.1,1,1,2020-10-02,1910,T,79,6.0NRT,296.6,17,D
41.075,-123.27,327.2,1,1,2020-10-02,1910,T,83,6.0NRT,296.9,21.1,D
41.052,-123.3,343.3,1,1,2020-10-02,1910,T,92,6.0NRT,297.4,45.1,D
41.043,-123.302,319.5,1,1,2020-10-02,1910,T,38,6.0NRT,295.9,12.9,D
41.033,-123.299,323.7,1,1,2020-10-02,1910,T,64,6.0NRT,297,16.8,D
41.024,-123.302,344.6,1,1,2020-10-02,1910,T,93,6.0NRT,298.5,47.2,D
41.015,-123.304,352.6,1,1,2020-10-02,1910,T,97,6.0NRT,298.5,63.2,D
41.007,-123.306,327.7,1,1,2020-10-02,1910,T,59,6.0NRT,296.7,21.9,D
41.001,-123.332,323.3,1,1,2020-10-02,1910,T,79,6.0NRT,294.3,19.5,D
40.999,-123.32,348.2,1,1,2020-10-02,1910,T,95,6.0NRT,298.2,56.9,D
40.998,-123.308,334.3,1,1,2020-10-02,1910,T,87,6.0NRT,296.2,31.8,D
40.421,-123.351,312,1,1,2020-10-02,1910,T,14,6.0NRT,295.8,7.1,D
40.417,-123.388,324.5,1,1,2020-10-02,1910,T,75,6.0NRT,295.9,19.4,D
40.414,-123.365,325.6,1,1,2020-10-02,1910,T,63,6.0NRT,296.9,18.7,D
40.412,-123.354,333.6,1,1,2020-10-02,1910,T,86,6.0NRT,298.3,29.4,D
40.41,-123.342,334.6,1,1,2020-10-02,1910,T,86,6.0NRT,299.3,30.4,D
40.408,-123.33,325.1,1,1,2020-10-02,1910,T,67,6.0NRT,299.3,18.7,D
40.397,-123.321,323.5,1,1,2020-10-02,1910,T,77,6.0NRT,297.3,19.3,D
40.377,-123.247,314.9,1,1,2020-10-02,1910,T,62,6.0NRT,294.6,10.5,D
40.371,-123.211,315.6,1,1,2020-10-02,1910,T,64,6.0NRT,295.9,11.1,D
40.393,-123.413,315.1,1,1,2020-10-02,1910,T,47,6.0NRT,295.3,10,D
40.363,-123.396,336.4,1,1,2020-10-02,1910,T,83,6.0NRT,300.2,34.3,D
40.354,-123.398,377.8,1,1,2020-10-02,1910,T,71,6.0NRT,307.6,142.5,D
40.352,-123.387,332.9,1,1,2020-10-02,1910,T,80,6.0NRT,303.2,28.9,D
40.308,-123.106,326.5,1,1,2020-10-02,1910,T,33,6.0NRT,296.5,19.9,D
40.308,-123.465,318.9,1,1,2020-10-02,1915,T,69,6.0NRT,298.9,12.5,D
40.307,-123.453,320.2,1,1,2020-10-02,1915,T,71,6.0NRT,298.5,13,D
40.254,-123.114,325.1,1,1,2020-10-02,1915,T,52,6.0NRT,295,19,D
40.241,-123.093,312.7,1,1,2020-10-02,1915,T,49,6.0NRT,293.1,9.2,D
40.244,-123.288,315.5,1,1,2020-10-02,1915,T,62,6.0NRT,296.6,10.6,D
40.212,-123.32,321.1,1,1,2020-10-02,1915,T,39,6.0NRT,296.1,13.8,D
40.226,-123.469,321.6,1,1,2020-10-02,1915,T,72,6.0NRT,296.5,15.8,D
40.224,-123.457,338.6,1,1,2020-10-02,1915,T,89,6.0NRT,300.4,38.1,D
40.222,-123.445,329.8,1,1,2020-10-02,1915,T,82,6.0NRT,298.3,24.6,D
40.209,-123.363,315.5,1,1,2020-10-02,1915,T,37,6.0NRT,296.1,10.3,D
40.206,-123.34,314.9,1,1,2020-10-02,1915,T,26,6.0NRT,298.4,9.2,D
40.215,-123.459,311.2,1,1,2020-10-02,1915,T,12,6.0NRT,294.7,6.9,D
40.071,-122.9,319.5,1,1,2020-10-02,1915,T,49,6.0NRT,298.5,11.2,D
40.07,-122.888,318.4,1,1,2020-10-02,1915,T,47,6.0NRT,301.1,11.1,D
40.061,-122.89,327.6,1,1,2020-10-02,1915,T,77,6.0NRT,300.6,20.4,D
41.634,-87.139,310,1.5,1.2,2020-10-02,1915,A,43,6.0NRT,289.8,15.9,D
40.741,-105.604,331.3,4.2,1.9,2020-10-02,1915,A,85,6.0NRT,291.7,222.4,D
40.73,-105.648,318.3,4.2,1.9,2020-10-02,1915,A,59,6.0NRT,288.9,105.6,D
40.746,-105.654,313.6,4.2,1.9,2020-10-02,1915,A,26,6.0NRT,290.8,80.5,D
40.734,-105.698,318.3,4.3,1.9,2020-10-02,1915,A,62,6.0NRT,286.4,116.3,D
40.729,-105.607,325.1,4.2,1.9,2020-10-02,1915,A,65,6.0NRT,290.7,157.6,D
40.733,-105.656,324.1,4.2,1.9,2020-10-02,1915,A,80,6.0NRT,288.5,161,D
40.72,-105.704,317,4.3,1.9,2020-10-02,1915,A,63,6.0NRT,286.7,108.5,D
40.927,-106.263,328,4.5,2,2020-10-02,1915,A,0,6.0NRT,284.7,218.6,D
40.928,-106.272,325.1,4.5,2,2020-10-02,1915,A,0,6.0NRT,284.2,185.8,D
41.164,-106.163,310.6,4.4,1.9,2020-10-02,1915,A,58,6.0NRT,288,74.2,D
41.167,-106.172,313.2,4.4,1.9,2020-10-02,1915,A,67,6.0NRT,288.1,91.7,D
41.209,-106.423,322,4.5,2,2020-10-02,1915,A,30,6.0NRT,292.3,137.6,D
41.194,-106.477,327.8,4.5,2,2020-10-02,1915,A,70,6.0NRT,294.5,186.5,D
41.21,-106.426,321.2,4.5,2,2020-10-02,1915,A,64,6.0NRT,291.7,147.6,D
41.195,-106.48,324.2,4.5,2,2020-10-02,1915,A,80,6.0NRT,294.2,168,D
49.031,-99.68,306.3,1.2,1.1,2020-10-02,1915,A,34,6.0NRT,282.3,8.1,D
51.02,-106.175,307,2.1,1.4,2020-10-02,1915,A,62,6.0NRT,290.2,19.4,D
52.639,-107.051,311,2.1,1.4,2020-10-02,1920,A,70,6.0NRT,292.2,22.7,D
52.647,-107.028,303.4,2,1.4,2020-10-02,1920,A,54,6.0NRT,290,11.1,D
52.64,-107.056,309.1,2.1,1.4,2020-10-02,1920,A,67,6.0NRT,292.2,21.7,D
40.69,-105.75,306.3,3.3,1.7,2020-10-02,2050,A,27,6.0NRT,284.7,27.4,D
40.685,-105.754,305.7,3.3,1.7,2020-10-02,2050,A,35,6.0NRT,284.9,29.2,D
40.739,-105.598,320.8,3.4,1.7,2020-10-02,2050,A,68,6.0NRT,286.3,100.8,D
40.737,-105.641,313.3,3.4,1.7,2020-10-02,2050,A,68,6.0NRT,286,61.1,D
40.736,-105.607,322.1,3.4,1.7,2020-10-02,2050,A,47,6.0NRT,286.9,98.5,D
40.556,-110.671,303.3,1.7,1.3,2020-10-02,2050,A,31,6.0NRT,269.5,17.7,D
40.554,-110.688,302.5,1.6,1.3,2020-10-02,2050,A,22,6.0NRT,272.6,16.3,D
40.912,-106.305,317.8,3.1,1.7,2020-10-02,2050,A,72,6.0NRT,292.6,58.5,D
40.931,-106.239,338.7,3.1,1.7,2020-10-02,2050,A,85,6.0NRT,288.1,192.3,D
40.929,-106.274,363.6,3.1,1.7,2020-10-02,2050,A,100,6.0NRT,295.2,465.1,D
40.927,-106.309,387.4,3.1,1.7,2020-10-02,2050,A,100,6.0NRT,304.1,915.5,D
40.925,-106.344,371.4,3,1.7,2020-10-02,2050,A,100,6.0NRT,303,582.5,D
40.914,-106.279,320.2,3.1,1.7,2020-10-02,2050,A,68,6.0NRT,292.3,70.8,D
40.913,-106.314,315.3,3.1,1.7,2020-10-02,2050,A,55,6.0NRT,292.9,45.5,D
40.607,-110.746,347.6,1.6,1.3,2020-10-02,2050,A,95,6.0NRT,280.9,121,D
40.605,-110.767,315.4,1.6,1.3,2020-10-02,2050,A,41,6.0NRT,278.7,30.1,D
40.931,-106.247,344.1,3.1,1.7,2020-10-02,2050,A,84,6.0NRT,289.3,231.3,D
40.929,-106.282,372.5,3.1,1.7,2020-10-02,2050,A,100,6.0NRT,297.5,603.7,D
40.927,-106.317,387.4,3.1,1.7,2020-10-02,2050,A,100,6.0NRT,304.7,909.2,D
40.926,-106.353,352.6,3,1.7,2020-10-02,2050,A,97,6.0NRT,301.6,308.1,D
40.618,-110.748,311.5,1.6,1.3,2020-10-02,2050,A,58,6.0NRT,273.3,24.5,D
40.946,-106.249,339.2,3.1,1.7,2020-10-02,2050,A,42,6.0NRT,289.4,169.7,D
40.944,-106.285,364.4,3.1,1.7,2020-10-02,2050,A,100,6.0NRT,299.2,455.2,D
40.942,-106.319,347.6,3.1,1.7,2020-10-02,2050,A,90,6.0NRT,299,244.7,D
40.957,-106.32,330.7,3.1,1.7,2020-10-02,2050,A,84,6.0NRT,298.5,108.5,D
40.955,-106.354,320,3,1.7,2020-10-02,2050,A,56,6.0NRT,298.4,54,D
40.976,-106.251,366.3,3.1,1.7,2020-10-02,2050,A,100,6.0NRT,293.3,518.9,D
40.974,-106.286,352.6,3.1,1.7,2020-10-02,2050,A,90,6.0NRT,298.3,290.4,D
40.972,-106.321,339.9,3.1,1.7,2020-10-02,2050,A,52,6.0NRT,301.4,162.2,D
40.991,-106.252,462.1,3.1,1.7,2020-10-02,2050,A,100,6.0NRT,320.1,4506.7,D
40.989,-106.288,394.1,3.1,1.7,2020-10-02,2050,A,100,6.0NRT,312.4,1061.5,D
41.006,-106.253,390.2,3.1,1.7,2020-10-02,2050,A,100,6.0NRT,297.5,992.7,D
41.004,-106.29,393.4,3.1,1.7,2020-10-02,2050,A,100,6.0NRT,307.4,1039.8,D
41.021,-106.254,324.3,3.1,1.7,2020-10-02,2050,A,42,6.0NRT,289.3,94.9,D
41.019,-106.29,378.8,3.1,1.7,2020-10-02,2050,A,100,6.0NRT,299.5,706.1,D
41.017,-106.324,347.4,3.1,1.7,2020-10-02,2050,A,74,6.0NRT,302.1,210.7,D
40.974,-106.255,347,3.1,1.7,2020-10-02,2050,A,64,6.0NRT,292.6,241.9,D
40.972,-106.29,341.8,3.1,1.7,2020-10-02,2050,A,64,6.0NRT,297.3,172.1,D
40.97,-106.325,335.3,3.1,1.7,2020-10-02,2050,A,61,6.0NRT,301.3,128.3,D
40.989,-106.257,465.2,3.1,1.7,2020-10-02,2050,A,100,6.0NRT,319.5,4759,D
40.987,-106.292,377.7,3.1,1.7,2020-10-02,2050,A,100,6.0NRT,308.8,672,D
41.004,-106.258,400,3.1,1.7,2020-10-02,2050,A,100,6.0NRT,302.8,1280,D
41.002,-106.294,379.9,3.1,1.7,2020-10-02,2050,A,100,6.0NRT,307.9,727.1,D
41.019,-106.259,343.9,3.1,1.7,2020-10-02,2050,A,47,6.0NRT,289.9,212.5,D
41.017,-106.294,384.5,3.1,1.7,2020-10-02,2050,A,100,6.0NRT,300.9,816,D
41.015,-106.329,338.2,3.1,1.7,2020-10-02,2050,A,44,6.0NRT,301.9,129.9,D
41.032,-106.296,378.5,3.1,1.7,2020-10-02,2050,A,100,6.0NRT,299.8,687.6,D
41.05,-106.227,335.4,3.1,1.7,2020-10-02,2050,A,49,6.0NRT,290.2,154.4,D
41.065,-106.227,336.6,3.1,1.7,2020-10-02,2050,A,74,6.0NRT,289.9,164.8,D
41.119,-106.079,313.1,3.2,1.7,2020-10-02,2050,A,57,6.0NRT,292.4,42.6,D
41.08,-106.237,332.6,3.1,1.7,2020-10-02,2050,A,65,6.0NRT,293.3,132.1,D
41.118,-106.088,315.1,3.2,1.7,2020-10-02,2050,A,72,6.0NRT,292.6,54.8,D
41.174,-106.172,350.6,3.1,1.7,2020-10-02,2050,A,96,6.0NRT,291.2,322.4,D
41.172,-106.208,330.8,3.1,1.7,2020-10-02,2050,A,86,6.0NRT,288.5,143,D
41.188,-106.459,328.5,3,1.7,2020-10-02,2050,A,71,6.0NRT,297.8,98.8,D
41.171,-106.176,354.9,3.1,1.7,2020-10-02,2050,A,98,6.0NRT,292.1,370.3,D
41.17,-106.213,323.6,3.1,1.7,2020-10-02,2050,A,81,6.0NRT,289.1,95.4,D
41.187,-106.464,324.7,3,1.7,2020-10-02,2050,A,81,6.0NRT,297.7,84.3,D
41.204,-106.432,344.6,3,1.7,2020-10-02,2050,A,93,6.0NRT,294.3,230.5,D
41.202,-106.466,337.8,3,1.7,2020-10-02,2050,A,90,6.0NRT,292.1,168.6,D
41.219,-106.434,326.8,3,1.7,2020-10-02,2050,A,43,6.0NRT,291.8,101.9,D
40.056,-122.905,320,1.6,1.3,2020-10-02,2055,A,70,6.0NRT,299,26,D
40.067,-122.91,316,1.6,1.3,2020-10-02,2055,A,39,6.0NRT,298.5,17.2,D
40.415,-123.393,323.2,1.7,1.3,2020-10-02,2055,A,58,6.0NRT,296.3,36.1,D
41.795,-117.765,331.7,1,1,2020-10-02,2055,A,77,6.0NRT,314.4,13.7,D
42.684,-111.599,316.8,1.6,1.2,2020-10-02,2055,A,43,6.0NRT,299.3,16.3,D
41.186,-123.248,316.6,1.6,1.2,2020-10-02,2055,A,38,6.0NRT,296.8,21.3,D
41.228,-123.268,311.2,1.6,1.2,2020-10-02,2055,A,48,6.0NRT,295.9,13,D
41.224,-123.286,319.8,1.6,1.2,2020-10-02,2055,A,73,6.0NRT,298.1,28.3,D
41.915,-121.478,366.1,1.3,1.1,2020-10-02,2055,A,0,6.0NRT,308.4,133.2,D
41.942,-123.629,325,1.6,1.2,2020-10-02,2055,A,79,6.0NRT,297.9,37.1,D
43.984,-110.571,336.7,1.9,1.3,2020-10-02,2055,A,77,6.0NRT,291.1,91,D
43.833,-117.069,321,1,1,2020-10-02,2055,A,70,6.0NRT,307.3,9.7,D
43.831,-117.082,321.9,1,1,2020-10-02,2055,A,71,6.0NRT,306.9,11.2,D
44.819,-121.553,321.4,1.1,1.1,2020-10-02,2055,A,73,6.0NRT,300.9,15.7,D
44.821,-121.598,311.3,1.1,1.1,2020-10-02,2055,A,35,6.0NRT,300.5,6.1,D
44.831,-121.601,352.3,1.1,1.1,2020-10-02,2055,A,96,6.0NRT,301.8,75,D
44.859,-122.09,321.8,1.2,1.1,2020-10-02,2055,A,74,6.0NRT,296.3,22,D
44.856,-122.105,319.8,1.2,1.1,2020-10-02,2055,A,72,6.0NRT,298.5,19.8,D
46.405,-116.095,378.4,1.1,1,2020-10-02,2055,A,100,6.0NRT,302.1,164,D
46.404,-116.109,379,1.1,1,2020-10-02,2055,A,100,6.0NRT,303.9,166.7,D
46.413,-116.111,336.5,1.1,1,2020-10-02,2055,A,89,6.0NRT,296.7,38.6,D
46.559,-116.422,324.2,1.1,1,2020-10-02,2055,A,79,6.0NRT,295.8,19.4,D
46.557,-116.436,310.4,1.1,1,2020-10-02,2055,A,50,6.0NRT,298.1,5.4,D
47.852,-113.71,313.6,1.4,1.2,2020-10-02,2055,A,69,6.0NRT,291.7,18.9,D
47.569,-122.368,308.6,1.1,1.1,2020-10-02,2055,A,60,6.0NRT,296.6,5.9,D
49.919,-115.638,333.8,1.3,1.1,2020-10-02,2055,A,89,6.0NRT,293.3,46.5,D
49.917,-115.656,330.1,1.3,1.1,2020-10-02,2055,A,87,6.0NRT,293.4,39.1,D
51.364,-115.591,317.7,1.3,1.1,2020-10-02,2055,A,62,6.0NRT,289.8,21.1,D
51.362,-115.608,335.9,1.3,1.1,2020-10-02,2055,A,90,6.0NRT,293,51.3,D
51.372,-115.611,409.8,1.3,1.1,2020-10-02,2055,A,94,6.0NRT,306.4,464.8,D
51.37,-115.63,386.8,1.3,1.1,2020-10-02,2055,A,100,6.0NRT,302.4,265.1,D
51.379,-115.651,315.1,1.3,1.1,2020-10-02,2055,A,61,6.0NRT,293.1,18.2,D
51.389,-115.654,440.8,1.3,1.1,2020-10-02,2055,A,100,6.0NRT,321.4,881.3,D
51.387,-115.672,362.7,1.3,1.1,2020-10-02,2055,A,100,6.0NRT,299.1,134.9,D
51.401,-115.64,363.1,1.3,1.1,2020-10-02,2055,A,94,6.0NRT,291.2,132.8,D
51.399,-115.658,363.9,1.3,1.1,2020-10-02,2055,A,100,6.0NRT,297.7,136.8,D
51.397,-115.674,350.1,1.3,1.1,2020-10-02,2055,A,94,6.0NRT,297.5,86.5,D
51.411,-115.644,326.4,1.3,1.1,2020-10-02,2055,A,39,6.0NRT,290.7,30.3,D
51.419,-115.653,344.4,1.3,1.1,2020-10-02,2055,A,94,6.0NRT,294.4,71.1,D
52.046,-124.336,407.7,1.1,1,2020-10-02,2055,A,75,6.0NRT,306.2,344.1,D
52.043,-124.351,335.1,1.1,1,2020-10-02,2055,A,84,6.0NRT,296.7,38.5,D
52.058,-124.325,308.3,1.1,1,2020-10-02,2055,A,58,6.0NRT,293.9,8.3,D
52.055,-124.34,304.7,1.1,1,2020-10-02,2055,A,53,6.0NRT,291.5,5.5,D
51.969,-125,307.8,1.1,1.1,2020-10-02,2055,A,66,6.0NRT,294.5,7.5,D
54.143,-121.366,306.3,1,1,2020-10-02,2055,A,63,6.0NRT,287.2,8.3,D
55.424,-116.271,303.8,1.4,1.2,2020-10-02,2055,A,54,6.0NRT,293,6.9,D
40.933,-106.239,310.9,1.6,1.3,2020-10-03,0440,T,79,6.0NRT,277.9,29.2,N
40.944,-106.242,338.2,1.6,1.3,2020-10-03,0440,T,99,6.0NRT,283.3,90.1,N
40.94,-106.261,322,1.6,1.3,2020-10-03,0440,T,58,6.0NRT,278.3,45.7,N
40.932,-106.3,329,1.7,1.3,2020-10-03,0440,T,68,6.0NRT,278.8,62.8,N
40.958,-106.228,318.5,1.6,1.3,2020-10-03,0440,T,61,6.0NRT,277.2,39.8,N
40.955,-106.246,327.6,1.6,1.3,2020-10-03,0440,T,83,6.0NRT,276.7,57.1,N
40.951,-106.265,312.2,1.6,1.3,2020-10-03,0440,T,47,6.0NRT,275.1,24.4,N
40.943,-106.304,379.7,1.7,1.3,2020-10-03,0440,T,100,6.0NRT,280.6,321.3,N
40.969,-106.232,324.6,1.6,1.3,2020-10-03,0440,T,91,6.0NRT,275.9,52.3,N
40.957,-106.233,325.7,1.6,1.3,2020-10-03,0440,T,76,6.0NRT,278.5,54.4,N
40.954,-106.251,324.1,1.6,1.3,2020-10-03,0440,T,91,6.0NRT,276,49.4,N
40.946,-106.289,338.1,1.7,1.3,2020-10-03,0440,T,100,6.0NRT,276.6,83.1,N
40.942,-106.309,358.9,1.7,1.3,2020-10-03,0440,T,100,6.0NRT,279.1,175.1,N
40.968,-106.237,330.1,1.6,1.3,2020-10-03,0440,T,39,6.0NRT,277.5,61.7,N
41.03,-106.28,313.7,1.6,1.3,2020-10-03,0440,T,40,6.0NRT,272.2,29.7,N
41.037,-106.303,304.6,1.6,1.3,2020-10-03,0440,T,8,6.0NRT,270,17.1,N
41.055,-106.213,321.4,1.6,1.3,2020-10-03,0440,T,63,6.0NRT,275.9,44.9,N
41.052,-106.232,311.9,1.6,1.3,2020-10-03,0440,T,18,6.0NRT,274.9,27,N
41.066,-106.217,304.3,1.6,1.3,2020-10-03,0440,T,35,6.0NRT,271.6,19.6,N
40.584,-110.709,321.1,3,1.7,2020-10-03,0440,T,100,6.0NRT,281.5,112.1,N
40.577,-110.737,301.7,3.1,1.7,2020-10-03,0440,T,17,6.0NRT,278.3,39,N
40.598,-110.715,315,3,1.7,2020-10-03,0440,T,90,6.0NRT,282.4,84.6,N
40.591,-110.745,303.6,3.1,1.7,2020-10-03,0440,T,29,6.0NRT,279.6,45.1,N
40.598,-110.723,317.7,3,1.7,2020-10-03,0440,T,61,6.0NRT,283.5,94.4,N
52.134,-101.664,314.2,1.1,1,2020-10-03,0440,T,89,6.0NRT,269.9,20,N
52.369,-103.537,329.2,1,1,2020-10-03,0440,T,100,6.0NRT,274.4,33.5,N
58.196,-116.072,336.3,1.5,1.2,2020-10-03,0445,T,100,6.0NRT,277.4,81,N
40.069,-122.895,308.8,1,1,2020-10-03,0620,T,76,6.0NRT,288.6,9.6,N
40.067,-122.907,306.2,1,1,2020-10-03,0620,T,67,6.0NRT,288.3,7.8,N
40.236,-123.092,333.9,1,1,2020-10-03,0620,T,100,6.0NRT,291,36.6,N
40.235,-123.104,304.7,1,1,2020-10-03,0620,T,26,6.0NRT,289.9,6.9,N
40.217,-123.307,328.5,1,1,2020-10-03,0620,T,100,6.0NRT,289.7,28,N
40.215,-123.319,325.1,1,1,2020-10-03,0620,T,100,6.0NRT,292.6,23.5,N
40.214,-123.331,311.6,1,1,2020-10-03,0620,T,74,6.0NRT,292.4,10.3,N
40.209,-123.366,303.9,1,1,2020-10-03,0620,T,18,6.0NRT,290.3,5.1,N
40.251,-123.119,323.5,1,1,2020-10-03,0620,T,100,6.0NRT,289.4,21.8,N
40.25,-123.131,307.2,1,1,2020-10-03,0620,T,18,6.0NRT,287.8,7.6,N
40.224,-123.321,313.6,1,1,2020-10-03,0620,T,87,6.0NRT,291.1,12.5,N
40.216,-123.447,328.9,1,1,2020-10-03,0620,T,100,6.0NRT,296.4,27.2,N
40.215,-123.459,325.5,1,1,2020-10-03,0620,T,100,6.0NRT,295.5,23.1,N
40.269,-123.118,306.7,1,1,2020-10-03,0620,T,21,6.0NRT,289.8,7.8,N
40.247,-123.284,316.6,1,1,2020-10-03,0620,T,94,6.0NRT,292.6,16.6,N
40.246,-123.296,306,1,1,2020-10-03,0620,T,66,6.0NRT,291.1,8.4,N
40.225,-123.45,332.9,1,1,2020-10-03,0620,T,100,6.0NRT,295.5,32.2,N
40.224,-123.462,333.6,1,1,2020-10-03,0620,T,100,6.0NRT,296.4,33,N
40.278,-123.12,328.3,1,1,2020-10-03,0620,T,100,6.0NRT,292.3,27.2,N
40.277,-123.132,313.4,1,1,2020-10-03,0620,T,43,6.0NRT,290.3,11.6,N
40.234,-123.452,315.5,1,1,2020-10-03,0620,T,91,6.0NRT,293.6,11.5,N
40.232,-123.464,311.9,1,1,2020-10-03,0620,T,30,6.0NRT,293.9,8,N
40.231,-123.475,359.3,1,1,2020-10-03,0620,T,100,6.0NRT,299.2,84.2,N
40.289,-123.11,322.6,1,1,2020-10-03,0620,T,74,6.0NRT,291.5,19.8,N
40.287,-123.122,313,1,1,2020-10-03,0620,T,35,6.0NRT,290.7,11.3,N
40.245,-123.442,310.1,1,1,2020-10-03,0620,T,69,6.0NRT,293.7,7.9,N
40.24,-123.478,315.7,1,1,2020-10-03,0620,T,49,6.0NRT,293.9,12.3,N
40.238,-123.489,315,1,1,2020-10-03,0620,T,72,6.0NRT,293.4,12.3,N
40.301,-123.089,327.7,1,1,2020-10-03,0620,T,100,6.0NRT,291.4,27.2,N
40.299,-123.101,315,1,1,2020-10-03,0620,T,46,6.0NRT,290.9,13.3,N
40.298,-123.112,320,1,1,2020-10-03,0620,T,99,6.0NRT,291.3,18.1,N
40.254,-123.444,322.7,1,1,2020-10-03,0620,T,100,6.0NRT,294.2,19.2,N
40.249,-123.48,319.6,1,1,2020-10-03,0620,T,83,6.0NRT,291.1,16.1,N
40.247,-123.491,308.2,1,1,2020-10-03,0620,T,33,6.0NRT,290.3,7.3,N
40.263,-123.446,312.3,1,1,2020-10-03,0620,T,43,6.0NRT,293,10,N
40.268,-123.472,324.1,1,1,2020-10-03,0620,T,93,6.0NRT,294.1,20.5,N
40.309,-123.438,308.8,1,1,2020-10-03,0620,T,75,6.0NRT,289.6,9.4,N
40.308,-123.45,309.9,1,1,2020-10-03,0620,T,76,6.0NRT,291.5,9.6,N
40.315,-123.464,315,1,1,2020-10-03,0620,T,87,6.0NRT,290.2,13.5,N
40.314,-123.476,307.1,1,1,2020-10-03,0620,T,38,6.0NRT,291.8,7.7,N
40.368,-123.208,306.4,1,1,2020-10-03,0620,T,28,6.0NRT,290.3,7.7,N
40.344,-123.386,300.2,1,1,2020-10-03,0620,T,5,6.0NRT,290,4.1,N
40.377,-123.21,305.9,1,1,2020-10-03,0620,T,34,6.0NRT,289.8,7.6,N
40.353,-123.388,304.7,1,1,2020-10-03,0620,T,61,6.0NRT,288.8,6.6,N
40.352,-123.4,325.9,1,1,2020-10-03,0620,T,100,6.0NRT,291.9,24.8,N
40.381,-123.248,312.5,1,1,2020-10-03,0620,T,79,6.0NRT,290.6,12.2,N
40.379,-123.259,302.6,1,1,2020-10-03,0620,T,21,6.0NRT,290.6,5.9,N
40.36,-123.402,340.3,1,1,2020-10-03,0620,T,100,6.0NRT,293.5,44.2,N
40.369,-123.404,312.4,1,1,2020-10-03,0620,T,67,6.0NRT,289.5,10.8,N
40.387,-123.408,314.4,1,1,2020-10-03,0620,T,61,6.0NRT,292.5,12.2,N
40.415,-123.336,313.2,1,1,2020-10-03,0620,T,87,6.0NRT,289.9,13.1,N
40.414,-123.348,325.6,1,1,2020-10-03,0620,T,100,6.0NRT,291.9,24.6,N
40.412,-123.359,310.8,1,1,2020-10-03,0620,T,81,6.0NRT,291.4,10,N
40.404,-123.418,315.9,1,1,2020-10-03,0620,T,67,6.0NRT,292.5,13.7,N
40.403,-123.43,314.5,1,1,2020-10-03,0620,T,46,6.0NRT,292.2,12.6,N
40.421,-123.361,323,1,1,2020-10-03,0620,T,100,6.0NRT,291.4,21.4,N
40.42,-123.373,320.3,1,1,2020-10-03,0620,T,100,6.0NRT,291.8,18.3,N
40.418,-123.385,316.2,1,1,2020-10-03,0620,T,47,6.0NRT,292.5,13.8,N
40.416,-123.396,319.2,1,1,2020-10-03,0620,T,98,6.0NRT,292.1,16.8,N
40.415,-123.408,308.6,1,1,2020-10-03,0620,T,22,6.0NRT,289.4,8.1,N
40.413,-123.42,321.6,1,1,2020-10-03,0620,T,100,6.0NRT,291,20,N
40.998,-123.31,310.1,1,1,2020-10-03,0620,T,18,6.0NRT,291.6,9.4,N
40.997,-123.322,342.2,1,1,2020-10-03,0620,T,100,6.0NRT,294.5,49.1,N
40.995,-123.334,323.7,1,1,2020-10-03,0620,T,100,6.0NRT,291.2,22.5,N
41.006,-123.324,303,1,1,2020-10-03,0620,T,16,6.0NRT,290.8,5.3,N
41.004,-123.336,313.2,1,1,2020-10-03,0620,T,87,6.0NRT,290.9,12.4,N
41.018,-123.303,337.7,1,1,2020-10-03,0620,T,100,6.0NRT,293.2,40.3,N
41.027,-123.305,321.1,1,1,2020-10-03,0620,T,92,6.0NRT,291.8,18.1,N
41.038,-123.295,317.8,1,1,2020-10-03,0620,T,81,6.0NRT,291.6,15.4,N
41.047,-123.297,314.1,1,1,2020-10-03,0620,T,87,6.0NRT,291.4,12.6,N
41.056,-123.299,326.2,1,1,2020-10-03,0620,T,100,6.0NRT,291.6,24.8,N
41.054,-123.311,318.9,1,1,2020-10-03,0620,T,98,6.0NRT,291.1,17.2,N
41.016,-123.598,305.9,1,1,2020-10-03,0620,T,66,6.0NRT,290.2,7.2,N
41.014,-123.61,304.1,1,1,2020-10-03,0620,T,57,6.0NRT,290.6,6.3,N
41.025,-123.594,303.6,1,1,2020-10-03,0620,T,56,6.0NRT,291.3,5.8,N
41.077,-123.273,317.1,1,1,2020-10-03,0620,T,94,6.0NRT,290.8,16,N
41.075,-123.284,306,1,1,2020-10-03,0620,T,28,6.0NRT,290.3,7.1,N
41.095,-123.277,303.5,1,1,2020-10-03,0620,T,14,6.0NRT,288.4,5.6,N
41.107,-123.255,310,1,1,2020-10-03,0620,T,67,6.0NRT,288.1,10.3,N
41.153,-123.253,315.9,1,1,2020-10-03,0620,T,92,6.0NRT,290.9,14.7,N
41.162,-123.249,310.8,1,1,2020-10-03,0620,T,81,6.0NRT,291.8,11.1,N
41.161,-123.261,301.1,1,1,2020-10-03,0620,T,26,6.0NRT,290.5,4.8,N
41.173,-123.238,315.3,1,1,2020-10-03,0620,T,79,6.0NRT,292.3,14.1,N
41.135,-123.529,324.9,1,1,2020-10-03,0620,T,100,6.0NRT,288.7,24.7,N
41.133,-123.541,305.7,1,1,2020-10-03,0620,T,63,6.0NRT,290.2,7.4,N
41.182,-123.24,322.6,1,1,2020-10-03,0620,T,100,6.0NRT,292.5,20.8,N
41.144,-123.531,314.7,1,1,2020-10-03,0620,T,90,6.0NRT,287.8,14.2,N
41.142,-123.543,302.6,1,1,2020-10-03,0620,T,43,6.0NRT,290.3,5.3,N
41.191,-123.242,308.6,1,1,2020-10-03,0620,T,75,6.0NRT,291.5,9.2,N
41.19,-123.254,304,1,1,2020-10-03,0620,T,58,6.0NRT,291.2,6,N
41.217,-123.26,301.3,1,1,2020-10-03,0620,T,31,6.0NRT,290.7,4.5,N
41.226,-123.262,320.8,1,1,2020-10-03,0620,T,100,6.0NRT,291.8,19.4,N
41.224,-123.274,316.6,1,1,2020-10-03,0620,T,93,6.0NRT,292.9,14.7,N
41.233,-123.276,325.4,1,1,2020-10-03,0620,T,100,6.0NRT,291.7,24,N
41.232,-123.288,321.8,1,1,2020-10-03,0620,T,100,6.0NRT,292.7,19.5,N
41.23,-123.3,306.2,1,1,2020-10-03,0620,T,24,6.0NRT,291.3,6.6,N
41.932,-123.198,300.3,1,1,2020-10-03,0620,T,24,6.0NRT,287.1,5.4,N
41.93,-123.362,312.7,1,1,2020-10-03,0620,T,86,6.0NRT,293.3,11.6,N
41.928,-123.375,303,1,1,2020-10-03,0620,T,29,6.0NRT,291.1,4.9,N
41.939,-123.364,316,1,1,2020-10-03,0620,T,92,6.0NRT,292.9,14.5,N
41.937,-123.378,307.8,1,1,2020-10-03,0620,T,73,6.0NRT,291.7,8.1,N
44.835,-121.605,303.1,1.3,1.1,2020-10-03,0620,T,50,6.0NRT,286.1,9.5,N
44.835,-121.595,303.2,1.3,1.1,2020-10-03,0620,T,39,6.0NRT,286.7,9.3,N
41.219,-106.413,301.7,1.3,1.1,2020-10-03,0850,A,29,6.0NRT,274.4,12.4,N
41.212,-106.445,341.9,1.3,1.1,2020-10-03,0850,A,100,6.0NRT,281.4,71.5,N
41.211,-106.43,312.2,1.3,1.1,2020-10-03,0850,A,55,6.0NRT,277.6,21.2,N
41.202,-106.447,303.8,1.3,1.1,2020-10-03,0850,A,47,6.0NRT,275.5,14.2,N
41.131,-106.346,304.7,1.2,1.1,2020-10-03,0850,A,45,6.0NRT,273,14.7,N
41.003,-106.212,304.5,1.2,1.1,2020-10-03,0850,A,13,6.0NRT,271.8,12.8,N
40.954,-106.311,323.9,1.2,1.1,2020-10-03,0850,A,71,6.0NRT,279.7,32.3,N
40.952,-106.296,334,1.2,1.1,2020-10-03,0850,A,81,6.0NRT,282.6,46.9,N
40.953,-106.303,337.7,1.2,1.1,2020-10-03,0850,A,100,6.0NRT,282.4,54.5,N
40.943,-106.305,421.8,1.2,1.1,2020-10-03,0850,A,100,6.0NRT,301.7,561.2,N
40.942,-106.291,369.4,1.2,1.1,2020-10-03,0850,A,100,6.0NRT,294.1,155.1,N
40.932,-106.293,322.6,1.2,1.1,2020-10-03,0850,A,0,6.0NRT,280.3,29.8,N
40.592,-110.724,304.3,2.1,1.4,2020-10-03,0850,A,38,6.0NRT,280.3,27.9,N
40.59,-110.7,301.1,2.1,1.4,2020-10-03,0850,A,14,6.0NRT,280.7,22.2,N
56.552,-121.59,304.6,1,1,2020-10-03,1025,A,61,6.0NRT,278.8,10.2,N
49.423,-115.744,324.4,1.8,1.3,2020-10-03,1030,A,100,6.0NRT,279.8,62.9,N
44.833,-121.597,301.6,1.3,1.1,2020-10-03,1030,A,42,6.0NRT,284.2,10.4,N
41.931,-123.357,301,1.2,1.1,2020-10-03,1030,A,21,6.0NRT,290.2,6,N
41.23,-123.27,319.3,1.2,1.1,2020-10-03,1030,A,98,6.0NRT,290.4,24.3,N
41.227,-123.255,308.7,1.2,1.1,2020-10-03,1030,A,75,6.0NRT,288.7,12.8,N
41.162,-123.241,303,1.2,1.1,2020-10-03,1030,A,13,6.0NRT,290,7.8,N
41.143,-123.532,310.7,1.2,1.1,2020-10-03,1030,A,81,6.0NRT,289.5,15,N
41.141,-123.519,301.1,1.2,1.1,2020-10-03,1030,A,37,6.0NRT,285.6,7.3,N
41.075,-123.27,304.4,1.2,1.1,2020-10-03,1030,A,32,6.0NRT,289.4,8.9,N
41.057,-123.294,318.7,1.2,1.1,2020-10-03,1030,A,97,6.0NRT,291,22.4,N
41.026,-123.289,311.7,1.2,1.1,2020-10-03,1030,A,17,6.0NRT,290.7,13.6,N
41.016,-123.292,314.4,1.2,1.1,2020-10-03,1030,A,68,6.0NRT,290.7,17.1,N
41.002,-123.326,345.3,1.2,1.1,2020-10-03,1030,A,100,6.0NRT,293,72.9,N
40.999,-123.313,328.3,1.2,1.1,2020-10-03,1030,A,100,6.0NRT,292.6,37.1,N
41.028,-123.591,300.4,1.2,1.1,2020-10-03,1030,A,27,6.0NRT,289.5,6.5,N
41.018,-123.592,310.3,1.2,1.1,2020-10-03,1030,A,80,6.0NRT,288.9,14.6,N
40.421,-123.385,317.7,1.3,1.1,2020-10-03,1030,A,83,6.0NRT,291.1,21.5,N
40.419,-123.371,306,1.3,1.1,2020-10-03,1030,A,41,6.0NRT,290.4,9.9,N
40.416,-123.358,311.4,1.3,1.1,2020-10-03,1030,A,82,6.0NRT,290.6,15.3,N
40.414,-123.344,318.7,1.3,1.1,2020-10-03,1030,A,97,6.0NRT,290.4,24.2,N
40.411,-123.329,304.5,1.3,1.1,2020-10-03,1030,A,60,6.0NRT,288.3,10.4,N
40.38,-123.214,300.7,1.3,1.1,2020-10-03,1030,A,26,6.0NRT,287.7,7.8,N
40.377,-123.2,305.2,1.3,1.1,2020-10-03,1030,A,63,6.0NRT,289.5,11.6,N
40.407,-123.419,307.8,1.3,1.1,2020-10-03,1030,A,37,6.0NRT,290.9,11.3,N
40.373,-123.402,311.9,1.3,1.1,2020-10-03,1030,A,32,6.0NRT,289.2,14.5,N
40.363,-123.405,317.9,1.3,1.1,2020-10-03,1030,A,68,6.0NRT,289.5,21.1,N
40.303,-123.084,320.9,1.3,1.1,2020-10-03,1030,A,100,6.0NRT,290.8,27.6,N
40.287,-123.109,310.4,1.3,1.1,2020-10-03,1030,A,14,6.0NRT,289.5,13.8,N
40.242,-123.09,305.1,1.3,1.1,2020-10-03,1030,A,63,6.0NRT,287.4,11.5,N
40.248,-123.291,303.7,1.3,1.1,2020-10-03,1030,A,53,6.0NRT,288.7,10.2,N
40.245,-123.278,306,1.3,1.1,2020-10-03,1030,A,66,6.0NRT,291.5,11.8,N
40.27,-123.469,319.5,1.3,1.1,2020-10-03,1030,A,66,6.0NRT,294.6,21.9,N
40.271,-123.476,313.1,1.3,1.1,2020-10-03,1030,A,28,6.0NRT,293.5,13.5,N
40.22,-123.306,309,1.3,1.1,2020-10-03,1030,A,76,6.0NRT,287.2,14.4,N
40.23,-123.474,333.3,1.3,1.1,2020-10-03,1030,A,100,6.0NRT,297.1,43.2,N
40.227,-123.46,325.2,1.3,1.1,2020-10-03,1030,A,72,6.0NRT,297.3,28.7,N
40.225,-123.445,322.7,1.3,1.1,2020-10-03,1030,A,82,6.0NRT,296.7,26.2,N
40.215,-123.447,307.5,1.3,1.1,2020-10-03,1030,A,40,6.0NRT,294.4,10.2,N
40.071,-122.9,321.1,1.3,1.1,2020-10-03,1030,A,100,6.0NRT,289.5,29.1,N
40.068,-122.884,314.8,1.3,1.1,2020-10-03,1030,A,90,6.0NRT,289.9,20.6,N
40.074,-122.904,311.1,1.3,1.1,2020-10-03,1030,A,82,6.0NRT,289.3,16.1,N
40.071,-122.889,319.5,1.3,1.1,2020-10-03,1030,A,99,6.0NRT,289.9,27.4,N
40.061,-122.893,301.8,1.3,1.1,2020-10-03,1030,A,39,6.0NRT,287.2,8.8,N
40.058,-122.877,302.5,1.3,1.1,2020-10-03,1030,A,50,6.0NRT,288.5,10.1,N
42.291,-83.163,309.7,1,1,2020-10-03,1635,T,65,6.0NRT,289,8,D
53.361,-103.113,301.4,1,1,2020-10-03,1815,T,47,6.0NRT,284.3,5.6,D
53.273,-114.329,306.4,1.8,1.3,2020-10-03,1815,T,63,6.0NRT,293.3,13.6,D
52.243,-106.323,312.8,1,1,2020-10-03,1815,T,73,6.0NRT,291.4,10.5,D
52.241,-106.309,314.4,1,1,2020-10-03,1815,T,71,6.0NRT,290.8,12.1,D
51.442,-106.57,309.4,1,1,2020-10-03,1815,T,68,6.0NRT,289,8.2,D
50.339,-100.865,303.3,1.4,1.2,2020-10-03,1815,T,55,6.0NRT,286.1,6.8,D
51.403,-107.689,310.2,1,1,2020-10-03,1815,T,68,6.0NRT,292.4,7.9,D
51.401,-107.674,309,1,1,2020-10-03,1815,T,66,6.0NRT,291.8,7.1,D
50.306,-101.066,314.8,1.3,1.1,2020-10-03,1815,T,71,6.0NRT,290.4,18.8,D
50.382,-101.948,305.7,1.2,1.1,2020-10-03,1815,T,62,6.0NRT,288.4,9.3,D
50.378,-101.931,300.2,1.2,1.1,2020-10-03,1815,T,29,6.0NRT,289.3,4.7,D
50.001,-101.132,337.3,1.4,1.2,2020-10-03,1815,T,90,6.0NRT,288.2,59.4,D
49.749,-100.306,306.3,1.5,1.2,2020-10-03,1815,T,63,6.0NRT,289.9,10.5,D
50.195,-103.566,304.1,1.1,1,2020-10-03,1815,T,35,6.0NRT,284.1,6,D
49.584,-101.419,305.7,1.3,1.1,2020-10-03,1815,T,62,6.0NRT,291.1,8.8,D
51.392,-115.626,308.3,2,1.4,2020-10-03,1815,T,62,6.0NRT,291.1,22.1,D
51.391,-115.636,310.3,2,1.4,2020-10-03,1815,T,70,6.0NRT,291.1,27.9,D
49.604,-101.782,303.8,1.3,1.1,2020-10-03,1815,T,57,6.0NRT,288.6,6.3,D
49.508,-101.674,304.4,1.3,1.1,2020-10-03,1815,T,58,6.0NRT,291.3,5.7,D
49.491,-101.745,319,1.3,1.1,2020-10-03,1815,T,79,6.0NRT,290.8,23.2,D
49.048,-101.902,300.8,1.3,1.1,2020-10-03,1815,T,23,6.0NRT,282.2,4.8,D
48.804,-102.326,303.9,1.3,1.1,2020-10-03,1815,T,55,6.0NRT,290.4,6,D
47.854,-101.775,319.4,1.4,1.2,2020-10-03,1815,T,79,6.0NRT,292.1,25,D
48.187,-114.4,303.5,1.6,1.2,2020-10-03,1815,T,30,6.0NRT,293,6.5,D
43.988,-110.563,307.2,1,1,2020-10-03,1815,T,49,6.0NRT,293.7,7.9,D
44.858,-122.091,307,3.9,1.8,2020-10-03,1815,T,41,6.0NRT,295.8,45.3,D
44.853,-122.099,307.3,3.9,1.8,2020-10-03,1815,T,37,6.0NRT,296,43.7,D
42.689,-111.596,325,1.1,1,2020-10-03,1815,T,69,6.0NRT,302.4,17.6,D
42.687,-111.583,323.1,1.1,1,2020-10-03,1815,T,77,6.0NRT,302.4,15.3,D
41.234,-106.37,335.3,1.2,1.1,2020-10-03,1815,T,87,6.0NRT,288.6,45.9,D
41.215,-106.433,363.2,1.2,1.1,2020-10-03,1815,T,100,6.0NRT,294.1,121,D
41.213,-106.42,324.8,1.2,1.1,2020-10-03,1815,T,71,6.0NRT,292.4,25.4,D
41.208,-106.45,351.1,1.2,1.1,2020-10-03,1815,T,96,6.0NRT,297.9,77.9,D
41.199,-106.453,358.6,1.2,1.1,2020-10-03,1815,T,99,6.0NRT,296.9,99.3,D
41.196,-106.439,347.7,1.2,1.1,2020-10-03,1815,T,94,6.0NRT,297.9,66.1,D
41.197,-106.459,323.5,1.2,1.1,2020-10-03,1815,T,75,6.0NRT,294.3,23.6,D
41.194,-106.445,363.9,1.2,1.1,2020-10-03,1815,T,100,6.0NRT,301,122.3,D
41.127,-106.349,319.7,1.2,1.1,2020-10-03,1815,T,58,6.0NRT,293.6,17.6,D
41.07,-106.203,349,1.2,1.1,2020-10-03,1815,T,86,6.0NRT,290,74.1,D
41.06,-106.206,343.7,1.2,1.1,2020-10-03,1815,T,69,6.0NRT,290.2,60,D
41.043,-106.233,334.1,1.2,1.1,2020-10-03,1815,T,54,6.0NRT,292.6,36.8,D
41.046,-106.306,328.5,1.2,1.1,2020-10-03,1815,T,72,6.0NRT,298.2,25.1,D
41.034,-106.295,342.3,1.2,1.1,2020-10-03,1815,T,92,6.0NRT,297.1,51.5,D
41.031,-106.281,345.4,1.2,1.1,2020-10-03,1815,T,93,6.0NRT,294.8,59.2,D
41.022,-106.284,324.6,1.2,1.1,2020-10-03,1815,T,43,6.0NRT,295.5,17.4,D
41.019,-106.27,338.4,1.2,1.1,2020-10-03,1815,T,89,6.0NRT,293.5,43.6,D
41.007,-106.259,328.9,1.2,1.1,2020-10-03,1815,T,49,6.0NRT,293.7,26,D
40.999,-106.216,325.5,1.2,1.1,2020-10-03,1815,T,74,6.0NRT,289.6,28.5,D
41.02,-106.388,314.6,1.2,1.1,2020-10-03,1815,T,39,6.0NRT,298,8.2,D
41.018,-106.374,320.8,1.2,1.1,2020-10-03,1815,T,73,6.0NRT,299,15.1,D
40.982,-106.302,331,1.2,1.1,2020-10-03,1815,T,85,6.0NRT,300.3,28.3,D
40.953,-106.252,390.6,1.2,1.1,2020-10-03,1815,T,100,6.0NRT,297.8,264.1,D
40.95,-106.238,500,1.2,1.1,2020-10-03,1815,T,100,6.0NRT,322.4,2182.9,D
40.948,-106.223,385.2,1.2,1.1,2020-10-03,1815,T,100,6.0NRT,288.8,233.7,D
40.956,-106.325,335.7,1.2,1.1,2020-10-03,1815,T,84,6.0NRT,296.8,38.1,D
40.941,-106.241,404.1,1.2,1.1,2020-10-03,1815,T,100,6.0NRT,292.4,370.8,D
40.938,-106.226,352.7,1.2,1.1,2020-10-03,1815,T,91,6.0NRT,278.7,86.1,D
40.941,-106.3,350.2,1.2,1.1,2020-10-03,1815,T,95,6.0NRT,297.7,72.8,D
40.934,-106.317,322,1.2,1.1,2020-10-03,1815,T,28,6.0NRT,294.5,16.6,D
40.932,-106.303,343.5,1.2,1.1,2020-10-03,1815,T,92,6.0NRT,293.3,56.4,D
40.746,-105.574,310.3,1.3,1.1,2020-10-03,1815,T,39,6.0NRT,296.6,7.3,D
40.659,-106.808,317.1,1.2,1.1,2020-10-03,1815,T,53,6.0NRT,289.8,17.1,D
40.657,-106.795,343.4,1.2,1.1,2020-10-03,1815,T,92,6.0NRT,296.1,59.9,D
40.606,-106.739,312.6,1.2,1.1,2020-10-03,1815,T,36,6.0NRT,289.9,12.3,D
40.713,-110.753,317.4,1,1,2020-10-03,1815,T,57,6.0NRT,294.9,10,D
40.665,-110.608,319.9,1,1,2020-10-03,1815,T,75,6.0NRT,294.8,15.4,D
40.663,-110.596,308.4,1,1,2020-10-03,1815,T,45,6.0NRT,292.7,6.5,D
40.62,-110.746,321.7,1,1,2020-10-03,1815,T,48,6.0NRT,294.4,15.2,D
40.611,-110.748,354.7,1,1,2020-10-03,1815,T,97,6.0NRT,295.8,68,D
40.61,-110.737,328.6,1,1,2020-10-03,1815,T,33,6.0NRT,293.7,20.8,D
40.602,-110.75,323.7,1,1,2020-10-03,1815,T,56,6.0NRT,290.9,17.6,D
40.601,-110.739,355.6,1,1,2020-10-03,1815,T,98,6.0NRT,293.2,70.7,D
40.599,-110.727,342.2,1,1,2020-10-03,1815,T,84,6.0NRT,295.7,41.2,D
40.59,-110.729,328.6,1,1,2020-10-03,1815,T,61,6.0NRT,290.1,22.4,D
40.588,-110.718,340.1,1,1,2020-10-03,1815,T,90,6.0NRT,294.6,39.9,D
50.632,-124.26,301.6,1.5,1.2,2020-10-03,1955,T,40,6.0NRT,291.1,10.3,D
41,-123.327,318.5,3.2,1.7,2020-10-03,1955,T,75,6.0NRT,297.4,75.6,D
41.003,-123.332,313.7,3.2,1.7,2020-10-03,1955,T,63,6.0NRT,297,49.4,D
40.424,-123.376,319.6,3.3,1.7,2020-10-03,1955,T,73,6.0NRT,297.7,83.4,D
40.415,-123.344,321.7,3.4,1.7,2020-10-03,1955,T,76,6.0NRT,297.8,95.9,D
40.428,-123.38,312.9,3.3,1.7,2020-10-03,1955,T,60,6.0NRT,297.4,48.9,D
40.42,-123.348,320.8,3.4,1.7,2020-10-03,1955,T,75,6.0NRT,297.4,89.9,D
40.37,-123.41,337,3.3,1.7,2020-10-03,1955,T,83,6.0NRT,302.2,198,D
40.361,-123.375,317.4,3.4,1.7,2020-10-03,1955,T,60,6.0NRT,297.4,65.2,D
40.346,-123.382,316.7,3.4,1.7,2020-10-03,1955,T,36,6.0NRT,301.9,59.8,D
40.277,-123.114,323.5,3.5,1.8,2020-10-03,1955,T,78,6.0NRT,298.2,109.2,D
40.35,-123.385,321.1,3.4,1.7,2020-10-03,1955,T,43,6.0NRT,301.9,78.3,D
40.283,-123.116,324,3.5,1.8,2020-10-03,1955,T,78,6.0NRT,298.4,109.9,D
40.077,-122.905,310.6,3.6,1.8,2020-10-03,1955,T,39,6.0NRT,296.7,43.1,D
40.069,-122.916,311.9,3.6,1.8,2020-10-03,1955,T,57,6.0NRT,296.7,55.9,D
40.06,-122.88,312,3.7,1.8,2020-10-03,1955,T,58,6.0NRT,295.1,54.4,D
40.01,-123.12,315.9,3.6,1.8,2020-10-03,1955,T,67,6.0NRT,298.1,62.7,D
54.154,-121.369,300,1.6,1.3,2020-10-03,1950,T,20,6.0NRT,287.4,9.1,D
54.15,-121.353,303.4,1.6,1.3,2020-10-03,1950,T,56,6.0NRT,286.9,13.6,D
51.394,-115.637,306,3.6,1.8,2020-10-03,1950,T,48,6.0NRT,291.7,42.8,D
51.384,-115.642,304.6,3.6,1.8,2020-10-03,1950,T,59,6.0NRT,290.4,41.5,D
51.372,-115.599,302.5,3.6,1.8,2020-10-03,1950,T,52,6.0NRT,291,34.7,D
51.968,-124.998,312.5,1.3,1.1,2020-10-03,1950,T,73,6.0NRT,288.7,16.2,D
40.603,-106.741,311.1,1.2,1.1,2020-10-03,1955,A,25,6.0NRT,292,10.9,D
40.643,-106.799,322.4,1.2,1.1,2020-10-03,1955,A,48,6.0NRT,296.1,20.1,D
40.653,-106.802,333.7,1.2,1.1,2020-10-03,1955,A,78,6.0NRT,296.9,39.5,D
40.657,-106.795,325.6,1.2,1.1,2020-10-03,1955,A,64,6.0NRT,296.8,27.4,D
40.939,-106.225,323.2,1.2,1.1,2020-10-03,1955,A,54,6.0NRT,286.3,23.1,D
40.937,-106.238,381.2,1.2,1.1,2020-10-03,1955,A,100,6.0NRT,300.7,188.5,D
40.93,-106.278,329.4,1.2,1.1,2020-10-03,1955,A,44,6.0NRT,296.1,22.9,D
40.943,-106.233,404.2,1.2,1.1,2020-10-03,1955,A,100,6.0NRT,306.1,341.3,D
40.941,-106.246,396.8,1.2,1.1,2020-10-03,1955,A,100,6.0NRT,316.5,283.7,D
40.936,-106.273,325.3,1.2,1.1,2020-10-03,1955,A,52,6.0NRT,293.8,19.1,D
40.931,-106.3,368.5,1.2,1.1,2020-10-03,1955,A,100,6.0NRT,303.4,127.3,D
40.929,-106.314,327.1,1.2,1.1,2020-10-03,1955,A,57,6.0NRT,297.6,21.1,D
40.926,-106.327,316.8,1.2,1.1,2020-10-03,1955,A,48,6.0NRT,300.6,11,D
40.952,-106.236,418.2,1.2,1.1,2020-10-03,1955,A,100,6.0NRT,307.3,465.9,D
40.95,-106.248,469.8,1.2,1.1,2020-10-03,1955,A,100,6.0NRT,340.4,1232.4,D
40.948,-106.262,346.7,1.2,1.1,2020-10-03,1955,A,81,6.0NRT,300.8,58.5,D
40.941,-106.302,342.8,1.2,1.1,2020-10-03,1955,A,87,6.0NRT,302.2,47.6,D
40.938,-106.316,341.1,1.2,1.1,2020-10-03,1955,A,91,6.0NRT,297.5,45.5,D
40.936,-106.33,328.9,1.2,1.1,2020-10-03,1955,A,82,6.0NRT,297.9,26,D
40.962,-106.238,327.6,1.2,1.1,2020-10-03,1955,A,63,6.0NRT,293.4,26.3,D
40.959,-106.251,325.7,1.2,1.1,2020-10-03,1955,A,49,6.0NRT,290.5,20.4,D
40.948,-106.319,328.3,1.2,1.1,2020-10-03,1955,A,58,6.0NRT,296.7,20.6,D
40.964,-106.281,330.3,1.2,1.1,2020-10-03,1955,A,81,6.0NRT,292.7,24.2,D
40.957,-106.322,330.8,1.2,1.1,2020-10-03,1955,A,83,6.0NRT,302.7,25.6,D
40.955,-106.336,328.6,1.2,1.1,2020-10-03,1955,A,75,6.0NRT,298.3,23.9,D
40.994,-106.22,334,1.2,1.1,2020-10-03,1955,A,70,6.0NRT,293.5,36.6,D
40.98,-106.301,328.2,1.2,1.1,2020-10-03,1955,A,70,6.0NRT,303.9,19.9,D
40.978,-106.314,328.9,1.2,1.1,2020-10-03,1955,A,82,6.0NRT,303.2,21.4,D
41.001,-106.236,327.5,1.2,1.1,2020-10-03,1955,A,45,6.0NRT,290.8,23.4,D
41.006,-106.266,344.9,1.2,1.1,2020-10-03,1955,A,93,6.0NRT,295.4,50,D
41.015,-106.269,350.9,1.2,1.1,2020-10-03,1955,A,96,6.0NRT,292.7,64.4,D
41.013,-106.282,340.1,1.2,1.1,2020-10-03,1955,A,67,6.0NRT,298.5,37.9,D
41.032,-106.231,336.1,1.2,1.1,2020-10-03,1955,A,56,6.0NRT,294.4,36.1,D
41.006,-106.38,315.9,1.2,1.1,2020-10-03,1955,A,27,6.0NRT,302.5,7.8,D
41.037,-106.224,340.7,1.1,1.1,2020-10-03,1955,A,64,6.0NRT,291.5,46.7,D
41.035,-106.237,339.9,1.2,1.1,2020-10-03,1955,A,61,6.0NRT,298.1,43.4,D
41.028,-106.278,335.3,1.2,1.1,2020-10-03,1955,A,81,6.0NRT,293,32.4,D
41.025,-106.291,346.6,1.2,1.1,2020-10-03,1955,A,93,6.0NRT,299.7,53.8,D
41.046,-106.227,325,1.1,1.1,2020-10-03,1955,A,24,6.0NRT,294.9,21.2,D
41.037,-106.281,319,1.2,1.1,2020-10-03,1955,A,27,6.0NRT,291,9.4,D
41.035,-106.294,339.3,1.2,1.1,2020-10-03,1955,A,90,6.0NRT,295.2,38.4,D
41.032,-106.308,335.7,1.2,1.1,2020-10-03,1955,A,53,6.0NRT,300.6,30.3,D
41.06,-106.203,348.2,1.1,1.1,2020-10-03,1955,A,81,6.0NRT,293.8,64.4,D
41.044,-106.297,418.2,1.2,1.1,2020-10-03,1955,A,100,6.0NRT,305,459.8,D
41.042,-106.31,355.8,1.2,1.1,2020-10-03,1955,A,98,6.0NRT,304.5,81.2,D
41.072,-106.249,319.1,1.2,1.1,2020-10-03,1955,A,40,6.0NRT,293.5,12.1,D
41.13,-106.344,323.5,1.2,1.1,2020-10-03,1955,A,73,6.0NRT,292.5,22.9,D
41.127,-106.357,330.5,1.2,1.1,2020-10-03,1955,A,84,6.0NRT,291.3,32.6,D
41.169,-106.173,315.2,1.1,1.1,2020-10-03,1955,A,31,6.0NRT,293.4,11.3,D
41.164,-106.2,334,1.1,1.1,2020-10-03,1955,A,76,6.0NRT,294.2,34.7,D
41.162,-106.213,320.5,1.1,1.1,2020-10-03,1955,A,36,6.0NRT,292.6,15.8,D
41.171,-106.216,341,1.1,1.1,2020-10-03,1955,A,91,6.0NRT,291.7,50.6,D
41.184,-106.452,324.2,1.2,1.1,2020-10-03,1955,A,78,6.0NRT,303.5,20.4,D
41.196,-106.441,333.3,1.2,1.1,2020-10-03,1955,A,76,6.0NRT,300.7,32.8,D
41.193,-106.455,374.5,1.2,1.1,2020-10-03,1955,A,100,6.0NRT,303.9,157.5,D
41.21,-106.416,323,1.2,1.1,2020-10-03,1955,A,69,6.0NRT,290.8,21,D
41.207,-106.43,384,1.2,1.1,2020-10-03,1955,A,100,6.0NRT,300,207.5,D
41.205,-106.444,365,1.2,1.1,2020-10-03,1955,A,100,6.0NRT,303.1,118.4,D
41.203,-106.458,348.7,1.2,1.1,2020-10-03,1955,A,95,6.0NRT,300.9,68,D
41.229,-106.364,367,1.2,1.1,2020-10-03,1955,A,100,6.0NRT,292,127,D
41.226,-106.378,360.5,1.2,1.1,2020-10-03,1955,A,100,6.0NRT,294.7,103.4,D
41.217,-106.433,326,1.2,1.1,2020-10-03,1955,A,74,6.0NRT,293.7,25.9,D
41.214,-106.447,328.2,1.2,1.1,2020-10-03,1955,A,82,6.0NRT,294.4,28.6,D
41.238,-106.368,313.4,1.2,1.1,2020-10-03,1955,A,33,6.0NRT,289.5,13.1,D
41.236,-106.381,317.1,1.2,1.1,2020-10-03,1955,A,48,6.0NRT,291.7,16.6,D
40.589,-110.74,323.6,2,1.4,2020-10-03,1955,A,66,6.0NRT,289.3,49.8,D
40.601,-110.746,348.5,2,1.4,2020-10-03,1955,A,94,6.0NRT,293.1,149.9,D
42.683,-111.596,317.9,2,1.4,2020-10-03,2000,A,63,6.0NRT,303.2,26.7,D
43.987,-110.558,324.2,1.6,1.2,2020-10-03,2000,A,79,6.0NRT,290.9,43,D
43.983,-110.577,314.2,1.6,1.2,2020-10-03,2000,A,67,6.0NRT,291.8,24.7,D
48.076,-96.37,303.9,2.1,1.4,2020-10-03,2000,A,57,6.0NRT,288.1,15.8,D
48.054,-98.442,308.2,1.7,1.3,2020-10-03,2000,A,62,6.0NRT,289.9,17.3,D
48.656,-98.685,300.6,1.6,1.3,2020-10-03,2000,A,26,6.0NRT,289.1,6.5,D
48.79,-99.38,306.7,1.5,1.2,2020-10-03,2000,A,64,6.0NRT,292,10,D
48.788,-99.401,311.7,1.5,1.2,2020-10-03,2000,A,72,6.0NRT,291.8,16.4,D
49.007,-97.076,308.4,2,1.4,2020-10-03,2000,A,67,6.0NRT,288.2,18.4,D
49.01,-97.085,309.4,2,1.4,2020-10-03,2000,A,68,6.0NRT,289.5,21.2,D
49.161,-97.085,302.6,2,1.4,2020-10-03,2000,A,50,6.0NRT,288.1,10.2,D
48.82,-102.328,342.1,1.2,1.1,2020-10-03,2000,A,87,6.0NRT,291.5,55.7,D
48.818,-102.343,306.4,1.2,1.1,2020-10-03,2000,A,57,6.0NRT,289.1,6.4,D
47.686,-111.762,318,1.5,1.2,2020-10-03,2000,A,74,6.0NRT,295.9,20.3,D
47.682,-111.781,313.1,1.5,1.2,2020-10-03,2000,A,68,6.0NRT,297.6,13.8,D
49.369,-101.47,311.8,1.3,1.1,2020-10-03,2000,A,71,6.0NRT,293.5,11.4,D
49.42,-101.067,310.1,1.3,1.1,2020-10-03,2000,A,48,6.0NRT,292.6,12.1,D
49.281,-102.911,307.1,1.1,1.1,2020-10-03,2000,A,48,6.0NRT,288.9,5.4,D
49.286,-102.902,308.6,1.1,1.1,2020-10-03,2000,A,64,6.0NRT,290.8,7.4,D
49.493,-101.734,310.7,1.2,1.1,2020-10-03,2000,A,69,6.0NRT,292.4,11.1,D
49.492,-101.751,317.4,1.2,1.1,2020-10-03,2000,A,77,6.0NRT,291.3,18.7,D
49.482,-102.232,337.1,1.2,1.1,2020-10-03,2000,A,90,6.0NRT,291.1,48.1,D
49.557,-101.617,303.8,1.3,1.1,2020-10-03,2000,A,36,6.0NRT,290.9,4.3,D
49.719,-101.722,303.7,1.2,1.1,2020-10-03,2000,A,47,6.0NRT,288.5,4.9,D
49.717,-101.74,304.7,1.2,1.1,2020-10-03,2000,A,58,6.0NRT,291.5,5.8,D
48.21,-114.115,308.5,1.9,1.3,2020-10-03,2000,A,41,6.0NRT,296.3,16.3,D
48.204,-114.139,307,1.9,1.3,2020-10-03,2000,A,41,6.0NRT,296.5,12.1,D
50.092,-103.03,307.2,1.1,1.1,2020-10-03,2000,A,63,6.0NRT,291.4,7.3,D
50.091,-103.046,303.8,1.1,1.1,2020-10-03,2000,A,53,6.0NRT,291.8,4.6,D
50.102,-102.991,311.3,1.1,1.1,2020-10-03,2000,A,70,6.0NRT,291.7,10.8,D
48.257,-114.39,314.1,1.9,1.4,2020-10-03,2000,A,71,6.0NRT,297.8,23,D
50.197,-102.837,324.7,1.2,1.1,2020-10-03,2000,A,83,6.0NRT,291,25.9,D
50.195,-102.853,309.8,1.2,1.1,2020-10-03,2000,A,63,6.0NRT,289.5,9.4,D
48.261,-114.396,312.8,1.9,1.4,2020-10-03,2000,A,68,6.0NRT,297,19.4,D
50.465,-103.774,322.2,1.1,1,2020-10-03,2000,A,61,6.0NRT,281.8,21.7,D
50.718,-102.748,308.6,1.2,1.1,2020-10-03,2000,A,50,6.0NRT,287.1,8.7,D
51.323,-106.735,307.4,1,1,2020-10-03,2000,A,61,6.0NRT,290.5,5.6,D
51.422,-106.688,304.3,1,1,2020-10-03,2000,A,52,6.0NRT,292.4,3.6,D
50.373,-113.889,320,1.6,1.2,2020-10-03,2000,A,79,6.0NRT,295.9,28.2,D
52.389,-100.947,358.3,1.4,1.2,2020-10-03,2000,A,86,6.0NRT,288.3,139.3,D
52.387,-100.968,326.5,1.4,1.2,2020-10-03,2000,A,80,6.0NRT,289.4,39.5,D
52.179,-106.041,305.5,1,1,2020-10-03,2000,A,58,6.0NRT,291.2,5.2,D
52.234,-106.311,303.6,1,1,2020-10-03,2000,A,40,6.0NRT,280.3,5.1,D
52.232,-106.325,316,1,1,2020-10-03,2000,A,76,6.0NRT,286.6,14,D
52.681,-103.045,307.6,1.2,1.1,2020-10-03,2000,A,57,6.0NRT,282.2,11,D
52.652,-107.053,305.8,1,1,2020-10-03,2000,A,62,6.0NRT,282.3,6.4,D
51.386,-115.617,300.7,1.8,1.3,2020-10-03,2000,A,14,6.0NRT,288.7,8.2,D
51.379,-115.645,319.8,1.8,1.3,2020-10-03,2000,A,80,6.0NRT,291.9,41.1,D
53.461,-103.548,356.8,1.2,1.1,2020-10-03,2000,A,93,6.0NRT,290.1,101,D
53.459,-103.566,314.1,1.2,1.1,2020-10-03,2000,A,74,6.0NRT,288,16.1,D
52.747,-111.035,310.3,1.1,1.1,2020-10-03,2000,A,68,6.0NRT,296.6,7.7,D
52.75,-111.042,307.2,1.1,1.1,2020-10-03,2000,A,61,6.0NRT,295.9,6,D
51.359,-115.621,325.5,4.4,1.9,2020-10-03,2140,A,84,6.0NRT,293.7,178,D
51.376,-115.62,318.1,4.4,1.9,2020-10-03,2140,A,78,6.0NRT,294.4,123.6,D
51.375,-115.689,316.4,4.3,1.9,2020-10-03,2140,A,77,6.0NRT,291.9,111,D
51.359,-115.625,325.7,4.4,1.9,2020-10-03,2140,A,84,6.0NRT,293.5,177.7,D
51.376,-115.692,314.4,4.3,1.9,2020-10-03,2140,A,75,6.0NRT,291.7,97.1,D
51.967,-124.998,302.9,1.5,1.2,2020-10-03,2140,A,50,6.0NRT,289.1,7.3,D
51.965,-125.021,300.1,1.5,1.2,2020-10-03,2140,A,21,6.0NRT,287.2,4.1,D
52.194,-123.343,304.9,1.8,1.3,2020-10-03,2140,A,60,6.0NRT,291.7,10.5,D
40.004,-123.119,410.6,1.3,1.1,2020-10-03,2135,A,100,6.0NRT,308.8,475.7,D
40.002,-123.136,381.9,1.3,1.1,2020-10-03,2135,A,100,6.0NRT,307,228,D
40.014,-123.121,365.2,1.3,1.1,2020-10-03,2135,A,100,6.0NRT,307,139.1,D
40.012,-123.138,362.2,1.3,1.1,2020-10-03,2135,A,100,6.0NRT,308.2,123.9,D
40.021,-123.129,335.9,1.3,1.1,2020-10-03,2135,A,86,6.0NRT,305.3,44.1,D
40.019,-123.145,322.9,1.3,1.1,2020-10-03,2135,A,62,6.0NRT,305.1,18.3,D
40.065,-122.901,363.2,1.4,1.2,2020-10-03,2135,A,100,6.0NRT,301.2,142.1,D
40.063,-122.914,329.1,1.4,1.2,2020-10-03,2135,A,80,6.0NRT,300,35.6,D
40.062,-122.931,317,1.4,1.2,2020-10-03,2135,A,58,6.0NRT,298.3,15.9,D
40.049,-123.256,339,1.3,1.1,2020-10-03,2135,A,88,6.0NRT,308.4,45.8,D
40.047,-123.27,324,1.3,1.1,2020-10-03,2135,A,65,6.0NRT,310.1,16.3,D
40.229,-123.082,330.6,1.3,1.1,2020-10-03,2135,A,82,6.0NRT,299.9,35.7,D
40.227,-123.098,326.9,1.3,1.1,2020-10-03,2135,A,78,6.0NRT,300.3,28,D
40.205,-123.311,321.9,1.3,1.1,2020-10-03,2135,A,72,6.0NRT,301.2,19.9,D
40.203,-123.327,315.8,1.3,1.1,2020-10-03,2135,A,47,6.0NRT,300.5,11.1,D
40.199,-123.37,313.6,1.3,1.1,2020-10-03,2135,A,46,6.0NRT,300.8,9.8,D
40.237,-123.099,325.8,1.3,1.1,2020-10-03,2135,A,32,6.0NRT,300.9,24.5,D
40.215,-123.313,318.1,1.3,1.1,2020-10-03,2135,A,38,6.0NRT,299.9,13.8,D
40.246,-123.115,322.9,1.3,1.1,2020-10-03,2135,A,56,6.0NRT,300.8,19.2,D
40.244,-123.131,329,1.3,1.1,2020-10-03,2135,A,80,6.0NRT,301.6,31.5,D
40.21,-123.452,321.7,1.3,1.1,2020-10-03,2135,A,30,6.0NRT,301,17.8,D
40.256,-123.118,339.4,1.3,1.1,2020-10-03,2135,A,89,6.0NRT,302.6,50.5,D
40.268,-123.104,475.5,1.3,1.1,2020-10-03,2135,A,100,6.0NRT,338.9,1671.4,D
40.266,-123.12,431.5,1.3,1.1,2020-10-03,2135,A,100,6.0NRT,322.6,749.4,D
40.248,-123.289,323.6,1.3,1.1,2020-10-03,2135,A,74,6.0NRT,299.7,23.2,D
40.247,-123.303,320.7,1.3,1.1,2020-10-03,2135,A,70,6.0NRT,300.6,18.7,D
40.281,-123.077,355.1,1.3,1.1,2020-10-03,2135,A,97,6.0NRT,290.6,104.2,D
40.28,-123.092,502.4,1.3,1.1,2020-10-03,2135,A,100,6.0NRT,400.1,2546.6,D
40.278,-123.106,502.9,1.3,1.1,2020-10-03,2135,A,100,6.0NRT,400.1,2556.8,D
40.277,-123.123,431.7,1.3,1.1,2020-10-03,2135,A,100,6.0NRT,330.4,752.4,D
40.275,-123.138,335.8,1.3,1.1,2020-10-03,2135,A,80,6.0NRT,303.7,43.3,D
40.237,-123.488,328.1,1.3,1.1,2020-10-03,2135,A,59,6.0NRT,300.8,28.4,D
40.292,-123.079,343.7,1.3,1.1,2020-10-03,2135,A,89,6.0NRT,293.4,68.2,D
40.29,-123.093,367.2,1.3,1.1,2020-10-03,2135,A,100,6.0NRT,301.5,151.1,D
40.288,-123.108,407.8,1.3,1.1,2020-10-03,2135,A,100,6.0NRT,314.5,452.7,D
40.287,-123.124,365.4,1.3,1.1,2020-10-03,2135,A,100,6.0NRT,307.2,141.3,D
40.252,-123.444,345.3,1.3,1.1,2020-10-03,2135,A,91,6.0NRT,303.1,60,D
40.302,-123.081,320.4,1.3,1.1,2020-10-03,2135,A,53,6.0NRT,294.2,21.3,D
40.3,-123.096,358.9,1.3,1.1,2020-10-03,2135,A,99,6.0NRT,302.2,118,D
40.299,-123.111,336.2,1.3,1.1,2020-10-03,2135,A,73,6.0NRT,303.1,43,D
40.299,-123.087,340.1,1.3,1.1,2020-10-03,2135,A,89,6.0NRT,297.5,60.2,D
40.298,-123.102,343.1,1.3,1.1,2020-10-03,2135,A,91,6.0NRT,303.7,64.9,D
40.296,-123.117,326.9,1.3,1.1,2020-10-03,2135,A,30,6.0NRT,302.6,26.1,D
40.302,-123.459,320.3,1.3,1.1,2020-10-03,2135,A,31,6.0NRT,302.7,13.8,D
40.312,-123.461,340.9,1.3,1.1,2020-10-03,2135,A,90,6.0NRT,303.8,53.7,D
40.31,-123.478,323,1.3,1.1,2020-10-03,2135,A,59,6.0NRT,302.4,18.9,D
40.343,-123.363,337.8,1.3,1.1,2020-10-03,2135,A,88,6.0NRT,301.5,49.4,D
40.341,-123.377,330.1,1.3,1.1,2020-10-03,2135,A,61,6.0NRT,308,32.5,D
40.34,-123.39,327.8,1.3,1.1,2020-10-03,2135,A,0,6.0NRT,306.6,27.1,D
40.37,-123.209,318,1.3,1.1,2020-10-03,2135,A,30,6.0NRT,299.2,14.2,D
40.351,-123.379,343.9,1.3,1.1,2020-10-03,2135,A,91,6.0NRT,301.5,64.1,D
40.35,-123.393,357.8,1.3,1.1,2020-10-03,2135,A,86,6.0NRT,313.3,107,D
40.36,-123.395,355.4,1.3,1.1,2020-10-03,2135,A,85,6.0NRT,305.1,100.9,D
40.358,-123.409,376.2,1.3,1.1,2020-10-03,2135,A,0,6.0NRT,316.9,193.5,D
40.359,-123.386,317.1,1.3,1.1,2020-10-03,2135,A,64,6.0NRT,299,17,D
40.357,-123.4,351.3,1.3,1.1,2020-10-03,2135,A,90,6.0NRT,310.8,89.8,D
40.367,-123.402,384.5,1.3,1.1,2020-10-03,2135,A,94,6.0NRT,306.7,243.9,D
40.366,-123.416,377.7,1.3,1.1,2020-10-03,2135,A,75,6.0NRT,315.8,200,D
40.378,-123.404,341,1.3,1.1,2020-10-03,2135,A,90,6.0NRT,300.3,54.7,D
40.376,-123.419,334.6,1.3,1.1,2020-10-03,2135,A,64,6.0NRT,304.9,39.1,D
40.386,-123.421,332.3,1.3,1.1,2020-10-03,2135,A,52,6.0NRT,301.9,33.1,D
40.406,-123.332,326.2,1.3,1.1,2020-10-03,2135,A,78,6.0NRT,301,27.5,D
40.404,-123.347,335.6,1.3,1.1,2020-10-03,2135,A,86,6.0NRT,302.7,44.2,D
40.413,-123.364,342.3,1.3,1.1,2020-10-03,2135,A,91,6.0NRT,301.6,59.9,D
40.411,-123.378,324.8,1.3,1.1,2020-10-03,2135,A,46,6.0NRT,301.2,22,D
40.995,-123.331,352.8,1.3,1.1,2020-10-03,2135,A,96,6.0NRT,305.3,92.3,D
41.008,-123.304,335.5,1.3,1.1,2020-10-03,2135,A,56,6.0NRT,301.1,41.5,D
41.007,-123.499,313.4,1.3,1.1,2020-10-03,2135,A,46,6.0NRT,301.3,10.5,D
41.048,-123.302,325.3,1.3,1.1,2020-10-03,2135,A,67,6.0NRT,299.4,25.3,D
41.072,-123.275,316,1.3,1.1,2020-10-03,2135,A,35,6.0NRT,300.2,13.4,D
41.121,-123.276,364.9,1.3,1.1,2020-10-03,2135,A,100,6.0NRT,301.3,146.7,D
41.136,-123.532,316,1.3,1.1,2020-10-03,2135,A,59,6.0NRT,302.9,14.2,D
41.178,-123.231,313.2,1.4,1.2,2020-10-03,2135,A,24,6.0NRT,296.4,12,D
41.223,-123.278,317.3,1.3,1.2,2020-10-03,2135,A,69,6.0NRT,298.3,17.7,D
41.927,-123.212,311.7,1.4,1.2,2020-10-03,2135,A,22,6.0NRT,299.8,8.9,D
44.824,-121.605,313.3,1.8,1.3,2020-10-03,2135,A,51,6.0NRT,299.2,15.2,D
44.856,-122.088,310.2,1.7,1.3,2020-10-03,2135,A,39,6.0NRT,297.4,14.6,D
44.851,-122.092,315.2,1.7,1.3,2020-10-03,2135,A,66,6.0NRT,300.1,24.7,D
